<launch>
  <!-- "camera" should uniquely identify the device. All topics are pushed down
       into the "camera" namespace, and it is prepended to tf frame ids. -->
  <arg name="camera"      default="camera"/>
  <arg name="publish_tf"  default="false"/>
  <!-- Factory-calibrated depth registration -->
  <arg name="depth_registration"              default="true"/>
  <arg     if="$(arg depth_registration)" name="depth" value="depth_registered" />
  <arg unless="$(arg depth_registration)" name="depth" value="depth" />

  <!-- Processing Modules -->
  <arg name="rgb_processing"                  default="true"/>                                      
  <arg name="ir_processing"                   default="true"/>                                      
  <arg name="depth_processing"                default="true"/>                                      
  <arg name="depth_registered_processing"     default="true"/>                                      
  <arg name="disparity_processing"            default="true"/>                                      
  <arg name="disparity_registered_processing" default="true"/>                                      
  <arg name="scan_processing"                 default="true"/>                                      
                                                                                                    
  <!-- Worker threads for the nodelet manager -->                                                   
  <arg name="num_worker_threads" default="4" />                                                     

  <include file="$(find freenect_launch)/launch/freenect.launch">
    <arg name="camera"                          value="$(arg camera)"/>                             
    <arg name="publish_tf"                      value="$(arg publish_tf)"/>                         
    <arg name="depth_registration"              value="$(arg depth_registration)"/>                 
    <arg name="num_worker_threads"              value="$(arg num_worker_threads)" />                
                                                                                                    
    <!-- Processing Modules -->                                                                     
    <arg name="rgb_processing"                  value="$(arg rgb_processing)"/>                     
    <arg name="ir_processing"                   value="$(arg ir_processing)"/>                      
    <arg name="depth_processing"                value="$(arg depth_processing)"/>                   
    <arg name="depth_registered_processing"     value="$(arg depth_registered_processing)"/>        
    <arg name="disparity_processing"            value="$(arg disparity_processing)"/>               
    <arg name="disparity_registered_processing" value="$(arg disparity_registered_processing)"/>    
  </include>                                                                                        
</launch>
