<launch>
  <arg name="base"/>
  <arg name="stacks"/>
  <arg name="3d_sensor"/>

  <arg name="urdf_file" default="$(find xacro)/xacro --inorder '$(find turtlebot_description)/robots/$(arg base)_$(arg stacks)_$(arg 3d_sensor).urdf.xacro'"/>
  <param name="robot_description" command="$(arg urdf_file)"/>

  <!-- Gazebo model spawner -->
  <node name="spawn_turtlebot_model" pkg="gazebo_ros" type="spawn_model"
        args="$(optenv ROBOT_INITIAL_POSE) -unpause -urdf -param robot_description -model turtlebot"/>

  <!-- Odometry estimator -->
  <node pkg="robot_pose_ekf" type="robot_pose_ekf" name="robot_pose_ekf">
    <remap from="imu_data" to="turtlebot_node/imu/data"/>
    <remap from="robot_pose_ekf/odom" to="odom_combined"/>
    <param name="freq" value="30.0"/>
    <param name="sensor_timeout" value="1.0"/>
    <param name="odom_used" value="true"/>
    <param name="imu_used" value="true"/>
    <param name="vo_used" value="false"/>
    <param name="output_frame" value="odom"/>
  </node>

  <!-- Velocity muxer -->
  <node pkg="nodelet" type="nodelet" name="mobile_base_nodelet_manager" args="manager"/>
  <node pkg="nodelet" type="nodelet" name="cmd_vel_mux"
        args="load yocs_cmd_vel_mux/CmdVelMuxNodelet mobile_base_nodelet_manager">
    <param name="yaml_cfg_file" value="$(find turtlebot_bringup)/param/mux.yaml"/>
    <remap from="cmd_vel_mux/output" to="turtlebot_node/cmd_vel"/>
  </node>
</launch>
